{"v":"5.7.1","fr":30,"ip":0,"op":151,"w":150,"h":50,"nm":" MHC_loading_inner","ddd":0,"assets":[],"fonts":{"list":[{"fName":"Roboto-Regular","fFamily":"Roboto","fStyle":"Regular","ascent":76.1993408203125}]},"layers":[{"ddd":0,"ind":1,"ty":5,"nm":"LOADING","sr":1,"ks":{"o":{"a":0,"k":100,"ix":11},"r":{"a":0,"k":0,"ix":10},"p":{"a":0,"k":[93.5,25,0],"ix":2},"a":{"a":0,"k":[0.065,-4.977,0],"ix":1},"s":{"a":0,"k":[100,100,100],"ix":6}},"ao":0,"t":{"d":{"k":[{"s":{"s":14,"f":"Roboto-Regular","t":"LOADING","j":2,"tr":320,"lh":16.8,"ls":0,"fc":[0.49,0.682,0.918]},"t":0}]},"p":{},"m":{"g":1,"a":{"a":0,"k":[0,0],"ix":2}},"a":[]},"ip":0,"op":151,"st":0,"bm":0},{"ddd":0,"ind":2,"ty":4,"nm":"pill/Healthcare - Medicine Database Outlines","sr":1,"ks":{"o":{"a":0,"k":100,"ix":11},"r":{"a":0,"k":0,"ix":10,"x":"var $bm_rt;\n$bm_rt = $bm_mul(time, 144);"},"p":{"a":0,"k":[27.143,25.004,0],"ix":2},"a":{"a":0,"k":[13,39.5,0],"ix":1},"s":{"a":0,"k":[36,36,100],"ix":6}},"ao":0,"shapes":[{"ty":"gr","it":[{"ind":0,"ty":"sh","ix":1,"ks":{"a":0,"k":{"i":[[0,-1.279],[1.279,0],[0,1.279],[-1.28,0]],"o":[[0,1.279],[-1.28,0],[0,-1.279],[1.279,0]],"v":[[2.316,0],[0.001,2.315],[-2.316,0],[0.001,-2.315]],"c":true},"ix":2},"nm":"Path 1","mn":"ADBE Vector Shape - Group","hd":false},{"ty":"fl","c":{"a":0,"k":[0.490000017952,0.681999954523,0.917999985639,1],"ix":4},"o":{"a":0,"k":100,"ix":5},"r":1,"bm":0,"nm":"Fill 1","mn":"ADBE Vector Graphic - Fill","hd":false},{"ty":"tr","p":{"a":0,"k":[16.807,60.551],"ix":2},"a":{"a":0,"k":[0,0],"ix":1},"s":{"a":0,"k":[100,100],"ix":3},"r":{"a":0,"k":0,"ix":6},"o":{"a":0,"k":100,"ix":7},"sk":{"a":0,"k":0,"ix":4},"sa":{"a":0,"k":0,"ix":5},"nm":"Transform"}],"nm":"Group 1","np":2,"cix":2,"bm":0,"ix":1,"mn":"ADBE Vector Group","hd":false},{"ty":"gr","it":[{"ind":0,"ty":"sh","ix":1,"ks":{"a":0,"k":{"i":[[0,-1.498],[1.499,0],[0,1.499],[-1.498,0]],"o":[[0,1.499],[-1.498,0],[0,-1.498],[1.499,0]],"v":[[2.713,-0.001],[0,2.714],[-2.713,-0.001],[0,-2.714]],"c":true},"ix":2},"nm":"Path 1","mn":"ADBE Vector Shape - Group","hd":false},{"ty":"fl","c":{"a":0,"k":[0.490000017952,0.681999954523,0.917999985639,1],"ix":4},"o":{"a":0,"k":100,"ix":5},"r":1,"bm":0,"nm":"Fill 1","mn":"ADBE Vector Graphic - Fill","hd":false},{"ty":"tr","p":{"a":0,"k":[9.908,57.838],"ix":2},"a":{"a":0,"k":[0,0],"ix":1},"s":{"a":0,"k":[100,100],"ix":3},"r":{"a":0,"k":0,"ix":6},"o":{"a":0,"k":100,"ix":7},"sk":{"a":0,"k":0,"ix":4},"sa":{"a":0,"k":0,"ix":5},"nm":"Transform"}],"nm":"Group 2","np":2,"cix":2,"bm":0,"ix":2,"mn":"ADBE Vector Group","hd":false},{"ty":"gr","it":[{"ind":0,"ty":"sh","ix":1,"ks":{"a":0,"k":{"i":[[0,-0.776],[0.776,0],[0,0.776],[-0.778,0]],"o":[[0,0.776],[-0.778,0],[0,-0.776],[0.776,0]],"v":[[1.407,0],[0.001,1.406],[-1.407,0],[0.001,-1.406]],"c":true},"ix":2},"nm":"Path 1","mn":"ADBE Vector Shape - Group","hd":false},{"ty":"fl","c":{"a":0,"k":[0.490000017952,0.681999954523,0.917999985639,1],"ix":4},"o":{"a":0,"k":100,"ix":5},"r":1,"bm":0,"nm":"Fill 1","mn":"ADBE Vector Graphic - Fill","hd":false},{"ty":"tr","p":{"a":0,"k":[15.401,55.125],"ix":2},"a":{"a":0,"k":[0,0],"ix":1},"s":{"a":0,"k":[100,100],"ix":3},"r":{"a":0,"k":0,"ix":6},"o":{"a":0,"k":100,"ix":7},"sk":{"a":0,"k":0,"ix":4},"sa":{"a":0,"k":0,"ix":5},"nm":"Transform"}],"nm":"Group 3","np":2,"cix":2,"bm":0,"ix":3,"mn":"ADBE Vector Group","hd":false},{"ty":"gr","it":[{"ind":0,"ty":"sh","ix":1,"ks":{"a":0,"k":{"i":[[0,-1.208],[1.208,0],[0,1.207],[-1.207,0]],"o":[[0,1.207],[-1.207,0],[0,-1.208],[1.208,0]],"v":[[2.186,0],[-0.001,2.186],[-2.186,0],[-0.001,-2.186]],"c":true},"ix":2},"nm":"Path 1","mn":"ADBE Vector Shape - Group","hd":false},{"ty":"fl","c":{"a":0,"k":[0.490000017952,0.681999954523,0.917999985639,1],"ix":4},"o":{"a":0,"k":100,"ix":5},"r":1,"bm":0,"nm":"Fill 1","mn":"ADBE Vector Graphic - Fill","hd":false},{"ty":"tr","p":{"a":0,"k":[17.925,68.179],"ix":2},"a":{"a":0,"k":[0,0],"ix":1},"s":{"a":0,"k":[100,100],"ix":3},"r":{"a":0,"k":0,"ix":6},"o":{"a":0,"k":100,"ix":7},"sk":{"a":0,"k":0,"ix":4},"sa":{"a":0,"k":0,"ix":5},"nm":"Transform"}],"nm":"Group 4","np":2,"cix":2,"bm":0,"ix":4,"mn":"ADBE Vector Group","hd":false},{"ty":"gr","it":[{"ind":0,"ty":"sh","ix":1,"ks":{"a":0,"k":{"i":[[0,-2.415],[2.415,0],[0,2.414],[-2.414,0]],"o":[[0,2.414],[-2.414,0],[0,-2.415],[2.415,0]],"v":[[4.372,0],[0,4.372],[-4.372,0],[0,-4.372]],"c":true},"ix":2},"nm":"Path 1","mn":"ADBE Vector Shape - Group","hd":false},{"ty":"fl","c":{"a":0,"k":[0.490000017952,0.681999954523,0.917999985639,1],"ix":4},"o":{"a":0,"k":100,"ix":5},"r":1,"bm":0,"nm":"Fill 1","mn":"ADBE Vector Graphic - Fill","hd":false},{"ty":"tr","p":{"a":0,"k":[9.409,66.784],"ix":2},"a":{"a":0,"k":[0,0],"ix":1},"s":{"a":0,"k":[100,100],"ix":3},"r":{"a":0,"k":0,"ix":6},"o":{"a":0,"k":100,"ix":7},"sk":{"a":0,"k":0,"ix":4},"sa":{"a":0,"k":0,"ix":5},"nm":"Transform"}],"nm":"Group 5","np":2,"cix":2,"bm":0,"ix":5,"mn":"ADBE Vector Group","hd":false},{"ty":"gr","it":[{"ind":0,"ty":"sh","ix":1,"ks":{"a":0,"k":{"i":[[0,-1.279],[1.279,0],[0,1.279],[-1.28,0]],"o":[[0,1.279],[-1.28,0],[0,-1.279],[1.279,0]],"v":[[2.316,0],[0,2.316],[-2.316,0],[0,-2.316]],"c":true},"ix":2},"nm":"Path 1","mn":"ADBE Vector Shape - Group","hd":false},{"ty":"fl","c":{"a":0,"k":[0.957000014361,0.952999997606,0.948999980852,1],"ix":4},"o":{"a":0,"k":100,"ix":5},"r":1,"bm":0,"nm":"Fill 1","mn":"ADBE Vector Graphic - Fill","hd":false},{"ty":"tr","p":{"a":0,"k":[11.776,18.768],"ix":2},"a":{"a":0,"k":[0,0],"ix":1},"s":{"a":0,"k":[100,100],"ix":3},"r":{"a":0,"k":0,"ix":6},"o":{"a":0,"k":100,"ix":7},"sk":{"a":0,"k":0,"ix":4},"sa":{"a":0,"k":0,"ix":5},"nm":"Transform"}],"nm":"Group 6","np":2,"cix":2,"bm":0,"ix":6,"mn":"ADBE Vector Group","hd":false},{"ty":"gr","it":[{"ind":0,"ty":"sh","ix":1,"ks":{"a":0,"k":{"i":[[0,-1.499],[1.498,0],[0,1.499],[-1.498,0]],"o":[[0,1.499],[-1.498,0],[0,-1.499],[1.498,0]],"v":[[2.713,0],[0,2.713],[-2.713,0],[0,-2.713]],"c":true},"ix":2},"nm":"Path 1","mn":"ADBE Vector Shape - Group","hd":false},{"ty":"fl","c":{"a":0,"k":[0.957000014361,0.952999997606,0.948999980852,1],"ix":4},"o":{"a":0,"k":100,"ix":5},"r":1,"bm":0,"nm":"Fill 1","mn":"ADBE Vector Graphic - Fill","hd":false},{"ty":"tr","p":{"a":0,"k":[16.805,11.886],"ix":2},"a":{"a":0,"k":[0,0],"ix":1},"s":{"a":0,"k":[100,100],"ix":3},"r":{"a":0,"k":0,"ix":6},"o":{"a":0,"k":100,"ix":7},"sk":{"a":0,"k":0,"ix":4},"sa":{"a":0,"k":0,"ix":5},"nm":"Transform"}],"nm":"Group 7","np":2,"cix":2,"bm":0,"ix":7,"mn":"ADBE Vector Group","hd":false},{"ty":"gr","it":[{"ind":0,"ty":"sh","ix":1,"ks":{"a":0,"k":{"i":[[0,-0.8],[0.8,0],[0,0.8],[-0.8,0]],"o":[[0,0.8],[-0.8,0],[0,-0.8],[0.8,0]],"v":[[1.448,0],[0,1.448],[-1.448,0],[0,-1.448]],"c":true},"ix":2},"nm":"Path 1","mn":"ADBE Vector Shape - Group","hd":false},{"ty":"fl","c":{"a":0,"k":[0.957000014361,0.952999997606,0.948999980852,1],"ix":4},"o":{"a":0,"k":100,"ix":5},"r":1,"bm":0,"nm":"Fill 1","mn":"ADBE Vector Graphic - Fill","hd":false},{"ty":"tr","p":{"a":0,"k":[14.539,24.16],"ix":2},"a":{"a":0,"k":[0,0],"ix":1},"s":{"a":0,"k":[100,100],"ix":3},"r":{"a":0,"k":0,"ix":6},"o":{"a":0,"k":100,"ix":7},"sk":{"a":0,"k":0,"ix":4},"sa":{"a":0,"k":0,"ix":5},"nm":"Transform"}],"nm":"Group 8","np":2,"cix":2,"bm":0,"ix":8,"mn":"ADBE Vector Group","hd":false},{"ty":"gr","it":[{"ind":0,"ty":"sh","ix":1,"ks":{"a":0,"k":{"i":[[0,-1.207],[1.208,0],[0,1.208],[-1.207,0]],"o":[[0,1.208],[-1.207,0],[0,-1.207],[1.208,0]],"v":[[2.186,0],[-0.001,2.186],[-2.186,0],[-0.001,-2.186]],"c":true},"ix":2},"nm":"Path 1","mn":"ADBE Vector Shape - Group","hd":false},{"ty":"fl","c":{"a":0,"k":[0.957000014361,0.952999997606,0.948999980852,1],"ix":4},"o":{"a":0,"k":100,"ix":5},"r":1,"bm":0,"nm":"Fill 1","mn":"ADBE Vector Graphic - Fill","hd":false},{"ty":"tr","p":{"a":0,"k":[19.518,21.084],"ix":2},"a":{"a":0,"k":[0,0],"ix":1},"s":{"a":0,"k":[100,100],"ix":3},"r":{"a":0,"k":0,"ix":6},"o":{"a":0,"k":100,"ix":7},"sk":{"a":0,"k":0,"ix":4},"sa":{"a":0,"k":0,"ix":5},"nm":"Transform"}],"nm":"Group 9","np":2,"cix":2,"bm":0,"ix":9,"mn":"ADBE Vector Group","hd":false},{"ty":"gr","it":[{"ind":0,"ty":"sh","ix":1,"ks":{"a":0,"k":{"i":[[0,-2.415],[2.415,0],[0,2.415],[-2.414,0]],"o":[[0,2.415],[-2.414,0],[0,-2.415],[2.415,0]],"v":[[4.372,0],[0,4.372],[-4.372,0],[0,-4.372]],"c":true},"ix":2},"nm":"Path 1","mn":"ADBE Vector Shape - Group","hd":false},{"ty":"fl","c":{"a":0,"k":[0.957000014361,0.952999997606,0.948999980852,1],"ix":4},"o":{"a":0,"k":100,"ix":5},"r":1,"bm":0,"nm":"Fill 1","mn":"ADBE Vector Graphic - Fill","hd":false},{"ty":"tr","p":{"a":0,"k":[8.231,11.08],"ix":2},"a":{"a":0,"k":[0,0],"ix":1},"s":{"a":0,"k":[100,100],"ix":3},"r":{"a":0,"k":0,"ix":6},"o":{"a":0,"k":100,"ix":7},"sk":{"a":0,"k":0,"ix":4},"sa":{"a":0,"k":0,"ix":5},"nm":"Transform"}],"nm":"Group 10","np":2,"cix":2,"bm":0,"ix":10,"mn":"ADBE Vector Group","hd":false},{"ty":"gr","it":[{"ind":0,"ty":"sh","ix":1,"ks":{"a":0,"k":{"i":[[0,0],[0,0],[-7.01,0],[0,7.011],[0,0]],"o":[[0,0],[0,7.011],[7.011,0],[0,0],[0,0]],"v":[[-12.694,-18.624],[-12.694,5.929],[-0.001,18.624],[12.694,5.929],[12.694,-18.624]],"c":true},"ix":2},"nm":"Path 1","mn":"ADBE Vector Shape - Group","hd":false},{"ty":"fl","c":{"a":0,"k":[0.957000014361,0.952999997606,0.948999980852,1],"ix":4},"o":{"a":0,"k":100,"ix":5},"r":1,"bm":0,"nm":"Fill 1","mn":"ADBE Vector Graphic - Fill","hd":false},{"ty":"tr","p":{"a":0,"k":[12.945,59.309],"ix":2},"a":{"a":0,"k":[0,0],"ix":1},"s":{"a":0,"k":[100,100],"ix":3},"r":{"a":0,"k":0,"ix":6},"o":{"a":0,"k":100,"ix":7},"sk":{"a":0,"k":0,"ix":4},"sa":{"a":0,"k":0,"ix":5},"nm":"Transform"}],"nm":"Group 11","np":2,"cix":2,"bm":0,"ix":11,"mn":"ADBE Vector Group","hd":false},{"ty":"gr","it":[{"ind":0,"ty":"sh","ix":1,"ks":{"a":0,"k":{"i":[[0,0],[0,0],[7.01,0],[0,-7.01],[0,0]],"o":[[0,0],[0,-7.01],[-7.011,0],[0,0],[0,0]],"v":[[12.695,18.624],[12.695,-5.93],[0,-18.624],[-12.695,-5.93],[-12.695,18.624]],"c":true},"ix":2},"nm":"Path 1","mn":"ADBE Vector Shape - Group","hd":false},{"ty":"fl","c":{"a":0,"k":[0.490000017952,0.681999954523,0.917999985639,1],"ix":4},"o":{"a":0,"k":100,"ix":5},"r":1,"bm":0,"nm":"Fill 1","mn":"ADBE Vector Graphic - Fill","hd":false},{"ty":"tr","p":{"a":0,"k":[12.944,18.874],"ix":2},"a":{"a":0,"k":[0,0],"ix":1},"s":{"a":0,"k":[100,100],"ix":3},"r":{"a":0,"k":0,"ix":6},"o":{"a":0,"k":100,"ix":7},"sk":{"a":0,"k":0,"ix":4},"sa":{"a":0,"k":0,"ix":5},"nm":"Transform"}],"nm":"Group 12","np":2,"cix":2,"bm":0,"ix":12,"mn":"ADBE Vector Group","hd":false}],"ip":0,"op":151,"st":0,"bm":0}],"markers":[],"chars":[{"ch":"L","size":14,"style":"Regular","w":54,"data":{"shapes":[{"ty":"gr","it":[{"ind":0,"ty":"sh","ix":1,"ks":{"a":0,"k":{"i":[[0,0],[0,0],[0,0],[0,0],[0,0],[0,0]],"o":[[0,0],[0,0],[0,0],[0,0],[0,0],[0,0]],"v":[[18.408,-71.094],[8.789,-71.094],[8.789,0],[52.051,0],[52.051,-7.568],[18.408,-7.568]],"c":true},"ix":2},"nm":"L","mn":"ADBE Vector Shape - Group","hd":false}],"nm":"L","np":3,"cix":2,"bm":0,"ix":1,"mn":"ADBE Vector Group","hd":false}]},"fFamily":"Roboto"},{"ch":"O","size":14,"style":"Regular","w":68.16,"data":{"shapes":[{"ty":"gr","it":[{"ind":0,"ty":"sh","ix":1,"ks":{"a":0,"k":{"i":[[0,0],[5.387,5.746],[8.594,0],[5.192,-5.762],[0,-8.659],[0,0],[-5.193,-5.729],[-8.301,0],[-5.388,5.73],[0,8.691]],"o":[[0,-8.691],[-5.388,-5.745],[-8.301,0],[-5.193,5.762],[0,0],[0,8.691],[5.192,5.73],[8.594,0],[5.387,-5.729],[0,0]],"v":[[62.598,-41.846],[54.517,-63.501],[33.545,-72.119],[13.306,-63.477],[5.518,-41.846],[5.518,-29.199],[13.306,-7.568],[33.545,1.025],[54.517,-7.568],[62.598,-29.199]],"c":true},"ix":2},"nm":"O","mn":"ADBE Vector Shape - Group","hd":false},{"ind":1,"ty":"sh","ix":2,"ks":{"a":0,"k":{"i":[[0,0],[3.499,-4.15],[5.957,0],[3.336,4.167],[0,6.576],[0,0],[-3.337,4.167],[-5.599,0],[-3.516,-4.166],[0,-6.51]],"o":[[0,6.609],[-3.5,4.15],[-5.599,0],[-3.337,-4.166],[0,0],[0,-6.51],[3.336,-4.166],[5.924,0],[3.516,4.167],[0,0]],"v":[[52.979,-29.199],[47.729,-13.062],[33.545,-6.836],[20.142,-13.086],[15.137,-29.199],[15.137,-41.943],[20.142,-57.959],[33.545,-64.209],[47.705,-57.959],[52.979,-41.943]],"c":true},"ix":2},"nm":"O","mn":"ADBE Vector Shape - Group","hd":false}],"nm":"O","np":5,"cix":2,"bm":0,"ix":1,"mn":"ADBE Vector Group","hd":false}]},"fFamily":"Roboto"},{"ch":"A","size":14,"style":"Regular","w":64.75,"data":{"shapes":[{"ty":"gr","it":[{"ind":0,"ty":"sh","ix":1,"ks":{"a":0,"k":{"i":[[0,0],[0,0],[0,0],[0,0],[0,0],[0,0],[0,0],[0,0]],"o":[[0,0],[0,0],[0,0],[0,0],[0,0],[0,0],[0,0],[0,0]],"v":[[53.955,0],[63.77,0],[36.719,-71.094],[28.467,-71.094],[0.977,0],[10.791,0],[17.529,-18.311],[47.314,-18.311]],"c":true},"ix":2},"nm":"A","mn":"ADBE Vector Shape - Group","hd":false},{"ind":1,"ty":"sh","ix":2,"ks":{"a":0,"k":{"i":[[0,0],[0,0],[0,0],[0,0]],"o":[[0,0],[0,0],[0,0],[0,0]],"v":[[32.422,-58.74],[32.715,-58.74],[44.434,-26.367],[20.508,-26.367]],"c":true},"ix":2},"nm":"A","mn":"ADBE Vector Shape - Group","hd":false}],"nm":"A","np":5,"cix":2,"bm":0,"ix":1,"mn":"ADBE Vector Group","hd":false}]},"fFamily":"Roboto"},{"ch":"D","size":14,"style":"Regular","w":65.87,"data":{"shapes":[{"ty":"gr","it":[{"ind":0,"ty":"sh","ix":1,"ks":{"a":0,"k":{"i":[[0,0],[-5.632,5.681],[0,9.082],[0,0],[5.631,5.713],[9.309,0],[0,0],[0,0]],"o":[[9.309,0],[5.631,-5.68],[0,0],[0,-9.049],[-5.632,-5.713],[0,0],[0,0],[0,0]],"v":[[30.615,0],[53.027,-8.521],[61.475,-30.664],[61.475,-40.381],[53.027,-62.524],[30.615,-71.094],[8.789,-71.094],[8.789,0]],"c":true},"ix":2},"nm":"D","mn":"ADBE Vector Shape - Group","hd":false},{"ind":1,"ty":"sh","ix":2,"ks":{"a":0,"k":{"i":[[0,0],[-3.793,-4.326],[0,-6.7],[0,0],[3.792,-4.326],[6.575,0],[0,0],[0,0]],"o":[[6.575,0],[3.792,4.326],[0,0],[0,6.766],[-3.793,4.326],[0,0],[0,0],[0,0]],"v":[[30.615,-63.525],[46.167,-57.037],[51.855,-40.498],[51.855,-30.693],[46.167,-14.056],[30.615,-7.568],[18.408,-7.568],[18.408,-63.525]],"c":true},"ix":2},"nm":"D","mn":"ADBE Vector Shape - Group","hd":false}],"nm":"D","np":5,"cix":2,"bm":0,"ix":1,"mn":"ADBE Vector Group","hd":false}]},"fFamily":"Roboto"},{"ch":"I","size":14,"style":"Regular","w":28.27,"data":{"shapes":[{"ty":"gr","it":[{"ind":0,"ty":"sh","ix":1,"ks":{"a":0,"k":{"i":[[0,0],[0,0],[0,0],[0,0]],"o":[[0,0],[0,0],[0,0],[0,0]],"v":[[18.945,-71.094],[9.277,-71.094],[9.277,0],[18.945,0]],"c":true},"ix":2},"nm":"I","mn":"ADBE Vector Shape - Group","hd":false}],"nm":"I","np":3,"cix":2,"bm":0,"ix":1,"mn":"ADBE Vector Group","hd":false}]},"fFamily":"Roboto"},{"ch":"N","size":14,"style":"Regular","w":71.34,"data":{"shapes":[{"ty":"gr","it":[{"ind":0,"ty":"sh","ix":1,"ks":{"a":0,"k":{"i":[[0,0],[0,0],[0,0],[0,0],[0,0],[0,0],[0,0],[0,0],[0,0],[0,0],[0,0],[0,0]],"o":[[0,0],[0,0],[0,0],[0,0],[0,0],[0,0],[0,0],[0,0],[0,0],[0,0],[0,0],[0,0]],"v":[[62.549,-71.094],[52.93,-71.094],[52.93,-16.309],[52.637,-16.211],[18.408,-71.094],[8.789,-71.094],[8.789,0],[18.408,0],[18.408,-54.883],[18.701,-54.98],[52.93,0],[62.549,0]],"c":true},"ix":2},"nm":"N","mn":"ADBE Vector Shape - Group","hd":false}],"nm":"N","np":3,"cix":2,"bm":0,"ix":1,"mn":"ADBE Vector Group","hd":false}]},"fFamily":"Roboto"},{"ch":"G","size":14,"style":"Regular","w":68.16,"data":{"shapes":[{"ty":"gr","it":[{"ind":0,"ty":"sh","ix":1,"ks":{"a":0,"k":{"i":[[0,0],[0,0],[0,0],[0,0],[0,0],[2.571,-1.071],[4.036,0],[3.711,4.082],[0,6.31],[0,0],[-3.32,4.066],[-5.437,0],[-2.849,-2.669],[-0.293,-4.134],[0,0],[0,0],[4.655,4.004],[8.138,0],[5.176,-5.436],[0,-8.626],[0,0],[-5.55,-5.436],[-8.496,0],[-4.183,2.181],[-1.693,2.605]],"o":[[0,0],[0,0],[0,0],[0,0],[-1.107,1.364],[-2.572,1.072],[-5.73,0],[-3.711,-4.082],[0,0],[0,-6.244],[3.32,-4.066],[5.371,0],[2.848,2.67],[0,0],[0,0],[-0.098,-6.315],[-4.655,-4.004],[-8.171,0],[-5.176,5.437],[0,0],[0,8.627],[5.55,5.437],[6.641,0],[4.182,-2.18],[0,0]],"v":[[60.303,-35.498],[35.107,-35.498],[35.107,-27.93],[50.684,-27.93],[50.684,-11.804],[45.166,-8.15],[35.254,-6.543],[21.094,-12.666],[15.527,-28.253],[15.527,-42.987],[20.508,-58.452],[33.643,-64.551],[45.972,-60.547],[50.684,-50.342],[59.863,-50.342],[59.961,-50.635],[52.832,-66.113],[33.643,-72.119],[13.623,-63.965],[5.859,-42.871],[5.859,-28.223],[14.185,-7.129],[35.254,1.025],[51.489,-2.246],[60.303,-9.424]],"c":true},"ix":2},"nm":"G","mn":"ADBE Vector Shape - Group","hd":false}],"nm":"G","np":3,"cix":2,"bm":0,"ix":1,"mn":"ADBE Vector Group","hd":false}]},"fFamily":"Roboto"}]}